{
    "rmse": 0.5664143663211589,
    "mae": 0.418640625,
    "r2": 0.5028073127913313
}